"revenue","month"
66036.31999999998,"Aug"
65003.31999999995,"Oct"
64503.250000000044,"Jul"
63532.18999999996,"Dec"
62941.22000000005,"Sep"
59054.27000000001,"Jan"
58902.48999999996,"Jun"
58131.16,"May"
56020.56000000002,"Nov"
55564.450000000026,"Mar"
51306.50000000004,"Apr"
48212.83,"Feb"
