"category","profit"
"toys-and-games",721.6680523830822
"sports-and-leisure",26.498699042391376
"pets",39.13048269303169
"homeware",1193.5194880847384
"health-and-beauty",28.199327276263155
"food-and-drink",84.60379277680553
"diy",8.082529979942093
