"revenue","store_type"
43536.78000000003,"Super Store"
16346.609999999997,"Outlet"
22305.28,"Mall Kiosk"
156523.0100000009,"Local"
